<Network m_recentAverageError="0.0209211">
    <Layer>
        <Neuron func="2">
            <Connection weight="0.27789" deltaWeight="0.00151378" />
            <Connection weight="2.05763" deltaWeight="8.4604e-006" />
            <Connection weight="1.32064" deltaWeight="0.00998469" />
            <Connection weight="1.05198" deltaWeight="-8.61659e-005" />
        </Neuron>
        <Neuron func="2">
            <Connection weight="0.493752" deltaWeight="0.00156512" />
            <Connection weight="2.06896" deltaWeight="-4.91264e-005" />
            <Connection weight="1.25672" deltaWeight="0.0101997" />
            <Connection weight="1.11946" deltaWeight="-0.000101041" />
        </Neuron>
        <Neuron func="2">
            <Connection weight="0.218674" deltaWeight="0.00151325" />
            <Connection weight="-0.627915" deltaWeight="-3.44903e-006" />
            <Connection weight="-1.83514" deltaWeight="0.00994947" />
            <Connection weight="0.250679" deltaWeight="-8.99586e-005" />
        </Neuron>
    </Layer>
    <Layer>
        <Neuron func="2">
            <Connection weight="-0.458699" deltaWeight="-0.00602826" />
        </Neuron>
        <Neuron func="2">
            <Connection weight="2.02094" deltaWeight="-0.00790104" />
        </Neuron>
        <Neuron func="2">
            <Connection weight="-2.02703" deltaWeight="-0.00503307" />
        </Neuron>
        <Neuron func="2">
            <Connection weight="0.404923" deltaWeight="-0.00780763" />
        </Neuron>
        <Neuron func="2">
            <Connection weight="-0.805718" deltaWeight="-0.00792045" />
        </Neuron>
    </Layer>
    <Layer>
        <Neuron func="2" />
        <Neuron func="2" />
    </Layer>
</Network>
