<Network m_recentAverageError="0.0301106">
    <Layer>
        <Neuron func="2">
            <Connection weight="0.261995" deltaWeight="-0.000386933" />
            <Connection weight="2.06111" deltaWeight="8.37159e-005" />
            <Connection weight="1.20277" deltaWeight="-0.00289094" />
            <Connection weight="1.05429" deltaWeight="6.01369e-005" />
        </Neuron>
        <Neuron func="2">
            <Connection weight="0.486176" deltaWeight="-0.000192888" />
            <Connection weight="2.07067" deltaWeight="4.17328e-005" />
            <Connection weight="1.2002" deltaWeight="-0.00144115" />
            <Connection weight="1.12059" deltaWeight="2.99785e-005" />
        </Neuron>
        <Neuron func="2">
            <Connection weight="0.202828" deltaWeight="-0.000385776" />
            <Connection weight="-0.624451" deltaWeight="8.34655e-005" />
            <Connection weight="-1.95266" deltaWeight="-0.0028823" />
            <Connection weight="0.252984" deltaWeight="5.9957e-005" />
        </Neuron>
    </Layer>
    <Layer>
        <Neuron func="2">
            <Connection weight="-0.423507" deltaWeight="0.00088432" />
        </Neuron>
        <Neuron func="2">
            <Connection weight="2.07727" deltaWeight="0.00142778" />
        </Neuron>
        <Neuron func="2">
            <Connection weight="-2.02798" deltaWeight="-0.000195872" />
        </Neuron>
        <Neuron func="2">
            <Connection weight="0.459323" deltaWeight="0.0013809" />
        </Neuron>
        <Neuron func="2">
            <Connection weight="-0.748541" deltaWeight="0.00144803" />
        </Neuron>
    </Layer>
    <Layer>
        <Neuron func="2" />
        <Neuron func="2" />
    </Layer>
</Network>
